{
    "loss": 0.025860151275992393,
    "accuracy": 0.9901960492134094
}