{
    "loss": 0.10407380759716034,
    "accuracy": 0.9019607901573181
}